gap_ratio,transition_gap_mean,steady_gap_mean,forget_DoS,forget_Fuzzy,forget_RPM,forget_gear,seed
4.123293282359366,0.028829924543288324,0.0069919655404166925,1.0,0.9507545671167593,1.0,0.0,42
8.622021893110109,0.04723037417461482,0.005477876855353012,1.0,0.9662509170946442,1.0,0.0,123
3.3692500447467335,0.03562992125984252,0.010575030284675954,1.0,0.9692913385826771,1.0,0.0,7
